date,symbol,close
2014-01-02,NVDA,15.86
2014-01-03,NVDA,15.67
2014-01-06,NVDA,15.88
2014-01-07,NVDA,16.14
2014-01-08,NVDA,16.36
2014-01-09,NVDA,15.75
2014-01-10,NVDA,15.73
2014-01-13,NVDA,15.36
2014-01-14,NVDA,15.84
2014-01-15,NVDA,16.01
2014-01-16,NVDA,16.06
2014-01-17,NVDA,15.99
2014-01-21,NVDA,16.05
2014-01-22,NVDA,16.03
2014-01-23,NVDA,15.97
2014-01-24,NVDA,15.56
2014-01-27,NVDA,15.46
2014-01-28,NVDA,15.61
2014-01-29,NVDA,15.46
2014-01-30,NVDA,15.72
2014-01-31,NVDA,15.7
2014-02-03,NVDA,15.49
2014-02-04,NVDA,15.58
2014-02-05,NVDA,15.44
2014-02-06,NVDA,15.64
2014-02-07,NVDA,15.87
2014-02-10,NVDA,15.92
2014-02-11,NVDA,16.25
2014-02-12,NVDA,16.83
2014-02-13,NVDA,17.36
2014-02-14,NVDA,17.91
2014-02-18,NVDA,17.9
2014-02-19,NVDA,18.14
2014-02-20,NVDA,18.78
2014-02-21,NVDA,18.64
2014-02-24,NVDA,18.91
2014-02-25,NVDA,18.74
2014-02-26,NVDA,18.71
2014-02-27,NVDA,18.5
2014-02-28,NVDA,18.38
2014-03-03,NVDA,18.29
2014-03-04,NVDA,18.48
2014-03-05,NVDA,18.64
2014-03-06,NVDA,18.38
2014-03-07,NVDA,18.36
2014-03-10,NVDA,18.09
2014-03-11,NVDA,18.27
2014-03-12,NVDA,18.32
2014-03-13,NVDA,17.74
2014-03-14,NVDA,17.82
2014-03-17,NVDA,17.82
2014-03-18,NVDA,18.24
2014-03-19,NVDA,18.555
2014-03-20,NVDA,18.57
2014-03-21,NVDA,18.54
2014-03-24,NVDA,18.45
2014-03-25,NVDA,18.45
2014-03-26,NVDA,18.03
2014-03-27,NVDA,17.79
2014-03-28,NVDA,17.9
2014-03-31,NVDA,17.91
2014-04-01,NVDA,18.65
2014-04-02,NVDA,18.53
2014-04-03,NVDA,18.73
2014-04-04,NVDA,18.15
2014-04-07,NVDA,18.21
2014-04-08,NVDA,18.86
2014-04-09,NVDA,18.84
2014-04-10,NVDA,18.38
2014-04-11,NVDA,18.12
2014-04-14,NVDA,18.32
2014-04-15,NVDA,18.45
2014-04-16,NVDA,18.49
2014-04-17,NVDA,18.56
2014-04-21,NVDA,18.71
2014-04-22,NVDA,18.87
2014-04-23,NVDA,19.09
2014-04-24,NVDA,19.26
2014-04-25,NVDA,18.73
2014-04-28,NVDA,18.65
2014-04-29,NVDA,18.69
2014-04-30,NVDA,18.47
2014-05-01,NVDA,18.57
2014-05-02,NVDA,18.43
2014-05-05,NVDA,18.63
2014-05-06,NVDA,18.25
2014-05-07,NVDA,18.275
2014-05-08,NVDA,18.5
2014-05-09,NVDA,18.05
2014-05-12,NVDA,18.58
2014-05-13,NVDA,18.28
2014-05-14,NVDA,18.1
2014-05-15,NVDA,18.0
2014-05-16,NVDA,17.96
2014-05-19,NVDA,18.54
2014-05-20,NVDA,18.24
2014-05-21,NVDA,18.24
2014-05-22,NVDA,18.32
2014-05-23,NVDA,18.49
2014-05-27,NVDA,18.82
2014-05-28,NVDA,18.98
2014-05-29,NVDA,18.95
2014-05-30,NVDA,19.0
2014-06-02,NVDA,18.94
2014-06-03,NVDA,18.86
2014-06-04,NVDA,18.88
2014-06-05,NVDA,18.96
2014-06-06,NVDA,19.03
2014-06-09,NVDA,19.05
2014-06-10,NVDA,19.15
2014-06-11,NVDA,19.4
2014-06-12,NVDA,19.52
2014-06-13,NVDA,19.54
2014-06-16,NVDA,19.48
2014-06-17,NVDA,19.61
2014-06-18,NVDA,19.59
2014-06-19,NVDA,19.138
2014-06-20,NVDA,18.93
2014-06-23,NVDA,18.71
2014-06-24,NVDA,18.42
2014-06-25,NVDA,18.61
2014-06-26,NVDA,18.36
2014-06-27,NVDA,18.38
2014-06-30,NVDA,18.54
2014-07-01,NVDA,18.75
2014-07-02,NVDA,18.6825
2014-07-03,NVDA,18.85
2014-07-07,NVDA,18.7
2014-07-08,NVDA,18.55
2014-07-09,NVDA,19.11
2014-07-10,NVDA,19.005
2014-07-11,NVDA,19.05
2014-07-14,NVDA,19.29
2014-07-15,NVDA,19.37
2014-07-16,NVDA,19.35
2014-07-17,NVDA,19.3
2014-07-18,NVDA,18.44
2014-07-21,NVDA,18.55
2014-07-22,NVDA,18.47
2014-07-23,NVDA,18.08
2014-07-24,NVDA,18.11
2014-07-25,NVDA,17.79
2014-07-28,NVDA,17.72
2014-07-29,NVDA,17.78
2014-07-30,NVDA,18.08
2014-07-31,NVDA,17.5
2014-08-01,NVDA,17.69
2014-08-04,NVDA,17.65
2014-08-05,NVDA,17.66
2014-08-06,NVDA,17.64
2014-08-07,NVDA,17.46
2014-08-08,NVDA,19.0
2014-08-11,NVDA,18.9
2014-08-12,NVDA,18.9
2014-08-13,NVDA,19.01
2014-08-14,NVDA,18.8
2014-08-15,NVDA,19.04
2014-08-18,NVDA,19.3
2014-08-19,NVDA,19.37
2014-08-20,NVDA,19.25
2014-08-21,NVDA,19.07
2014-08-22,NVDA,19.08
2014-08-25,NVDA,19.11
2014-08-26,NVDA,19.455
2014-08-27,NVDA,19.23
2014-08-28,NVDA,19.39
2014-08-29,NVDA,19.45
2014-09-02,NVDA,19.495
2014-09-03,NVDA,19.685
2014-09-04,NVDA,20.03
2014-09-05,NVDA,19.97
2014-09-08,NVDA,19.79
2014-09-09,NVDA,19.54
2014-09-10,NVDA,19.61
2014-09-11,NVDA,19.41
2014-09-12,NVDA,19.12
2014-09-15,NVDA,18.86
2014-09-16,NVDA,19.135
2014-09-17,NVDA,19.15
2014-09-18,NVDA,19.44
2014-09-19,NVDA,19.08
2014-09-22,NVDA,18.89
2014-09-23,NVDA,18.81
2014-09-24,NVDA,18.92
2014-09-25,NVDA,18.51
2014-09-26,NVDA,18.545
2014-09-29,NVDA,18.515
2014-09-30,NVDA,18.45
2014-10-01,NVDA,18.27
2014-10-02,NVDA,18.19
2014-10-03,NVDA,18.23
2014-10-06,NVDA,18.12
2014-10-07,NVDA,17.925
2014-10-08,NVDA,18.26
2014-10-09,NVDA,17.91
2014-10-10,NVDA,16.845
2014-10-13,NVDA,16.785
2014-10-14,NVDA,17.175
2014-10-15,NVDA,17.44
2014-10-16,NVDA,17.45
2014-10-17,NVDA,17.42
2014-10-20,NVDA,17.57
2014-10-21,NVDA,18.32
2014-10-22,NVDA,17.89
2014-10-23,NVDA,18.285
2014-10-24,NVDA,18.48
2014-10-27,NVDA,18.49
2014-10-28,NVDA,18.93
2014-10-29,NVDA,18.805
2014-10-30,NVDA,18.69
2014-10-31,NVDA,19.54
2014-11-03,NVDA,19.87
2014-11-04,NVDA,20.13
2014-11-05,NVDA,20.13
2014-11-06,NVDA,20.22
2014-11-07,NVDA,19.79
2014-11-10,NVDA,20.02
2014-11-11,NVDA,19.78
2014-11-12,NVDA,19.645
2014-11-13,NVDA,19.55
2014-11-14,NVDA,19.785
2014-11-17,NVDA,19.695
2014-11-18,NVDA,20.17
2014-11-19,NVDA,20.01
2014-11-20,NVDA,20.34
2014-11-21,NVDA,20.455
2014-11-24,NVDA,20.58
2014-11-25,NVDA,20.57
2014-11-26,NVDA,20.915
2014-11-28,NVDA,20.97
2014-12-01,NVDA,20.58
2014-12-02,NVDA,20.61
2014-12-03,NVDA,21.14
2014-12-04,NVDA,20.95
2014-12-05,NVDA,21.07
2014-12-08,NVDA,20.8
2014-12-09,NVDA,20.73
2014-12-10,NVDA,20.27
2014-12-11,NVDA,20.26
2014-12-12,NVDA,19.63
2014-12-15,NVDA,19.57
2014-12-16,NVDA,19.345
2014-12-17,NVDA,20.14
2014-12-18,NVDA,20.22
2014-12-19,NVDA,20.42
2014-12-22,NVDA,20.78
2014-12-23,NVDA,20.65
2014-12-24,NVDA,20.57
2014-12-26,NVDA,20.59
2014-12-29,NVDA,20.56
2014-12-30,NVDA,20.37
2014-12-31,NVDA,20.05
2015-01-02,NVDA,20.13
2015-01-05,NVDA,19.79
2015-01-06,NVDA,19.19
2015-01-07,NVDA,19.135
2015-01-08,NVDA,19.86
2015-01-09,NVDA,19.94
2015-01-12,NVDA,19.69
2015-01-13,NVDA,19.655
2015-01-14,NVDA,19.74
2015-01-15,NVDA,19.6
2015-01-16,NVDA,19.96
2015-01-20,NVDA,20.02
2015-01-21,NVDA,20.3
2015-01-22,NVDA,20.65
2015-01-23,NVDA,20.71
2015-01-26,NVDA,20.615
2015-01-27,NVDA,19.63
2015-01-28,NVDA,19.31
2015-01-29,NVDA,19.78
2015-01-30,NVDA,19.205
2015-02-02,NVDA,19.62
2015-02-03,NVDA,20.11
2015-02-04,NVDA,20.16
2015-02-05,NVDA,20.485
2015-02-06,NVDA,20.4
2015-02-09,NVDA,20.38
2015-02-10,NVDA,20.95
2015-02-11,NVDA,20.81
2015-02-12,NVDA,22.3
2015-02-13,NVDA,22.31
2015-02-17,NVDA,22.375
2015-02-18,NVDA,22.12
2015-02-19,NVDA,22.175
2015-02-20,NVDA,22.335
2015-02-23,NVDA,22.16
2015-02-24,NVDA,22.31
2015-02-25,NVDA,22.14
2015-02-26,NVDA,22.2
2015-02-27,NVDA,22.06
2015-03-02,NVDA,22.595
2015-03-03,NVDA,22.18
2015-03-04,NVDA,22.43
2015-03-05,NVDA,22.86
2015-03-06,NVDA,22.55
2015-03-09,NVDA,22.61
2015-03-10,NVDA,22.995
2015-03-11,NVDA,22.88
2015-03-12,NVDA,22.67
2015-03-13,NVDA,22.7
2015-03-16,NVDA,22.97
2015-03-17,NVDA,23.25
2015-03-18,NVDA,22.87
2015-03-19,NVDA,23.215
2015-03-20,NVDA,23.47
2015-03-23,NVDA,22.71
2015-03-24,NVDA,22.4
2015-03-25,NVDA,21.04
2015-03-26,NVDA,20.965
2015-03-27,NVDA,21.38
2015-03-30,NVDA,21.47
2015-03-31,NVDA,20.925
2015-04-01,NVDA,21.01
2015-04-02,NVDA,21.06
2015-04-06,NVDA,21.665
2015-04-07,NVDA,21.86
2015-04-08,NVDA,22.02
2015-04-09,NVDA,22.525
2015-04-10,NVDA,22.76
2015-04-13,NVDA,22.55
2015-04-14,NVDA,22.36
2015-04-15,NVDA,22.63
2015-04-16,NVDA,22.49
2015-04-17,NVDA,22.2
2015-04-20,NVDA,22.09
2015-04-21,NVDA,22.055
2015-04-22,NVDA,22.31
2015-04-23,NVDA,22.22
2015-04-24,NVDA,22.03
2015-04-27,NVDA,22.2
2015-04-28,NVDA,22.305
2015-04-29,NVDA,22.14
2015-04-30,NVDA,22.195
2015-05-01,NVDA,22.75
2015-05-04,NVDA,22.61
2015-05-05,NVDA,22.03
2015-05-06,NVDA,22.1
2015-05-07,NVDA,22.49
2015-05-08,NVDA,20.825
2015-05-11,NVDA,20.63
2015-05-12,NVDA,20.83
2015-05-13,NVDA,20.95
2015-05-14,NVDA,21.29
2015-05-15,NVDA,21.3
2015-05-18,NVDA,21.27
2015-05-19,NVDA,21.04
2015-05-20,NVDA,21.04
2015-05-21,NVDA,20.89
2015-05-22,NVDA,20.86
2015-05-26,NVDA,20.73
2015-05-27,NVDA,21.84
2015-05-28,NVDA,22.14
2015-05-29,NVDA,22.13
2015-06-01,NVDA,22.38
2015-06-02,NVDA,21.935
2015-06-03,NVDA,21.7
2015-06-04,NVDA,22.09
2015-06-05,NVDA,22.26
2015-06-08,NVDA,21.75
2015-06-09,NVDA,21.86
2015-06-10,NVDA,21.47
2015-06-11,NVDA,21.7
2015-06-12,NVDA,21.11
2015-06-15,NVDA,21.07
2015-06-16,NVDA,21.33
2015-06-17,NVDA,21.58
2015-06-18,NVDA,21.94
2015-06-19,NVDA,21.87
2015-06-22,NVDA,21.775
2015-06-23,NVDA,21.22
2015-06-24,NVDA,21.01
2015-06-25,NVDA,21.17
2015-06-26,NVDA,20.74
2015-06-29,NVDA,20.12
2015-06-30,NVDA,20.11
2015-07-01,NVDA,20.4
2015-07-02,NVDA,20.42
2015-07-06,NVDA,20.17
2015-07-07,NVDA,19.79
2015-07-08,NVDA,19.65
2015-07-09,NVDA,19.41
2015-07-10,NVDA,19.75
2015-07-13,NVDA,19.88
2015-07-14,NVDA,19.89
2015-07-15,NVDA,19.75
2015-07-16,NVDA,20.19
2015-07-17,NVDA,20.07
2015-07-20,NVDA,19.7
2015-07-21,NVDA,19.79
2015-07-22,NVDA,19.405
2015-07-23,NVDA,19.65
2015-07-24,NVDA,19.42
2015-07-27,NVDA,19.31
2015-07-28,NVDA,19.73
2015-07-29,NVDA,19.97
2015-07-30,NVDA,20.02
2015-07-31,NVDA,19.95
2015-08-03,NVDA,20.29
2015-08-04,NVDA,20.37
2015-08-05,NVDA,20.58
2015-08-06,NVDA,20.45
2015-08-07,NVDA,22.98
2015-08-10,NVDA,23.78
2015-08-11,NVDA,23.66
2015-08-12,NVDA,23.72
2015-08-13,NVDA,23.52
2015-08-14,NVDA,23.54
2015-08-17,NVDA,23.39
2015-08-18,NVDA,23.08
2015-08-19,NVDA,22.99
2015-08-20,NVDA,22.16
2015-08-21,NVDA,21.47
2015-08-24,NVDA,20.71
2015-08-25,NVDA,20.28
2015-08-26,NVDA,21.81
2015-08-27,NVDA,22.63
2015-08-28,NVDA,22.73
2015-08-31,NVDA,22.48
2015-09-01,NVDA,21.56
2015-09-02,NVDA,22.21
2015-09-03,NVDA,22.27
2015-09-04,NVDA,21.75
2015-09-08,NVDA,22.68
2015-09-09,NVDA,22.23
2015-09-10,NVDA,22.58
2015-09-11,NVDA,22.65
2015-09-14,NVDA,22.69
2015-09-15,NVDA,22.94
2015-09-16,NVDA,23.1
2015-09-17,NVDA,23.31
2015-09-18,NVDA,23.29
2015-09-21,NVDA,23.53
2015-09-22,NVDA,22.89
2015-09-23,NVDA,23.0
2015-09-24,NVDA,23.44
2015-09-25,NVDA,23.61
2015-09-28,NVDA,23.3
2015-09-29,NVDA,23.71
2015-09-30,NVDA,24.64
2015-10-01,NVDA,24.17
2015-10-02,NVDA,24.8
2015-10-05,NVDA,25.42
2015-10-06,NVDA,25.75
2015-10-07,NVDA,26.02
2015-10-08,NVDA,26.17
2015-10-09,NVDA,26.07
2015-10-12,NVDA,26.35
2015-10-13,NVDA,26.4
2015-10-14,NVDA,27.36
2015-10-15,NVDA,27.43
2015-10-16,NVDA,27.86
2015-10-19,NVDA,27.81
2015-10-20,NVDA,27.77
2015-10-21,NVDA,27.41
2015-10-22,NVDA,28.4
2015-10-23,NVDA,28.59
2015-10-26,NVDA,28.46
2015-10-27,NVDA,28.44
2015-10-28,NVDA,28.67
2015-10-29,NVDA,27.68
2015-10-30,NVDA,28.37
2015-11-02,NVDA,28.7
2015-11-03,NVDA,28.5
2015-11-04,NVDA,28.03
2015-11-05,NVDA,27.71
2015-11-06,NVDA,31.55
2015-11-09,NVDA,31.41
2015-11-10,NVDA,30.81
2015-11-11,NVDA,30.51
2015-11-12,NVDA,30.4
2015-11-13,NVDA,29.8
2015-11-16,NVDA,30.4
2015-11-17,NVDA,30.4
2015-11-18,NVDA,31.03
2015-11-19,NVDA,31.12
2015-11-20,NVDA,31.39
2015-11-23,NVDA,30.92
2015-11-24,NVDA,31.17
2015-11-25,NVDA,31.13
2015-11-27,NVDA,31.39
2015-11-30,NVDA,31.72
2015-12-01,NVDA,32.75
2015-12-02,NVDA,32.5
2015-12-03,NVDA,32.43
2015-12-04,NVDA,33.75
2015-12-07,NVDA,33.11
2015-12-08,NVDA,33.56
2015-12-09,NVDA,32.71
2015-12-10,NVDA,32.98
2015-12-11,NVDA,32.49
2015-12-14,NVDA,32.57
2015-12-15,NVDA,32.97
2015-12-16,NVDA,33.17
2015-12-17,NVDA,32.67
2015-12-18,NVDA,32.14
2015-12-21,NVDA,32.895
2015-12-22,NVDA,32.93
2015-12-23,NVDA,33.055
2015-12-24,NVDA,33.17
2015-12-28,NVDA,33.14
2015-12-29,NVDA,33.68
2015-12-30,NVDA,33.39
2015-12-31,NVDA,32.96
2016-01-04,NVDA,32.37
2016-01-05,NVDA,32.89
2016-01-06,NVDA,31.53
2016-01-07,NVDA,30.28
2016-01-08,NVDA,29.63
2016-01-11,NVDA,29.68
2016-01-12,NVDA,30.18
2016-01-13,NVDA,29.26
2016-01-14,NVDA,28.67
2016-01-15,NVDA,27.11
2016-01-19,NVDA,27.33
2016-01-20,NVDA,27.48
2016-01-21,NVDA,27.8
2016-01-22,NVDA,28.45
2016-01-25,NVDA,28.42
2016-01-26,NVDA,28.7
2016-01-27,NVDA,28.36
2016-01-28,NVDA,28.05
2016-01-29,NVDA,29.29
2016-02-01,NVDA,29.3
2016-02-02,NVDA,28.06
2016-02-03,NVDA,28.2
2016-02-04,NVDA,28.21
2016-02-05,NVDA,26.43
2016-02-08,NVDA,25.22
2016-02-09,NVDA,25.49
2016-02-10,NVDA,25.43
2016-02-11,NVDA,25.3
2016-02-12,NVDA,25.73
2016-02-16,NVDA,26.99
2016-02-17,NVDA,27.66
2016-02-18,NVDA,30.04
2016-02-19,NVDA,30.44
2016-02-22,NVDA,31.52
2016-02-23,NVDA,31.6
2016-02-24,NVDA,31.82
2016-02-25,NVDA,31.89
2016-02-26,NVDA,31.68
2016-02-29,NVDA,31.36
2016-03-01,NVDA,32.75
2016-03-02,NVDA,32.94
2016-03-03,NVDA,32.65
2016-03-04,NVDA,32.55
2016-03-07,NVDA,32.34
2016-03-08,NVDA,31.75
2016-03-09,NVDA,31.73
2016-03-10,NVDA,31.68
2016-03-11,NVDA,32.22
2016-03-14,NVDA,32.3
2016-03-15,NVDA,32.14
2016-03-16,NVDA,33.1
2016-03-17,NVDA,32.82
2016-03-18,NVDA,33.81
2016-03-21,NVDA,33.91
2016-03-22,NVDA,33.85
2016-03-23,NVDA,34.43
2016-03-24,NVDA,34.48
2016-03-28,NVDA,34.83
2016-03-29,NVDA,35.39
2016-03-30,NVDA,35.76
2016-03-31,NVDA,35.63
2016-04-01,NVDA,36.15
2016-04-04,NVDA,35.8
2016-04-05,NVDA,35.75
2016-04-06,NVDA,35.8
2016-04-07,NVDA,35.43
2016-04-08,NVDA,35.66
2016-04-11,NVDA,35.88
2016-04-12,NVDA,35.84
2016-04-13,NVDA,36.74
2016-04-14,NVDA,36.84
2016-04-15,NVDA,37.13
2016-04-18,NVDA,36.97
2016-04-19,NVDA,36.31
2016-04-20,NVDA,36.45
2016-04-21,NVDA,36.41
2016-04-22,NVDA,36.27
2016-04-25,NVDA,36.45
2016-04-26,NVDA,36.48
2016-04-27,NVDA,37.31
2016-04-28,NVDA,36.2
2016-04-29,NVDA,35.53
2016-05-02,NVDA,36.0
2016-05-03,NVDA,35.57
2016-05-04,NVDA,34.76
2016-05-05,NVDA,34.97
2016-05-06,NVDA,35.33
2016-05-09,NVDA,35.28
2016-05-10,NVDA,35.96
2016-05-11,NVDA,36.06
2016-05-12,NVDA,35.57
2016-05-13,NVDA,40.98
2016-05-16,NVDA,42.19
2016-05-17,NVDA,42.28
2016-05-18,NVDA,43.36
2016-05-19,NVDA,43.55
2016-05-20,NVDA,44.33
2016-05-23,NVDA,44.4
2016-05-24,NVDA,45.36
2016-05-25,NVDA,45.17
2016-05-26,NVDA,45.65
2016-05-27,NVDA,45.9
2016-05-31,NVDA,46.72
2016-06-01,NVDA,46.81
2016-06-02,NVDA,47.14
2016-06-03,NVDA,46.48
2016-06-06,NVDA,46.24
2016-06-07,NVDA,46.33
2016-06-08,NVDA,46.18
2016-06-09,NVDA,47.38
2016-06-10,NVDA,46.2
2016-06-13,NVDA,46.79
2016-06-14,NVDA,46.88
2016-06-15,NVDA,47.36
2016-06-16,NVDA,47.55
2016-06-17,NVDA,46.72
2016-06-20,NVDA,47.56
2016-06-21,NVDA,47.27
2016-06-22,NVDA,47.23
2016-06-23,NVDA,48.49
2016-06-24,NVDA,45.73
2016-06-27,NVDA,45.24
2016-06-28,NVDA,45.9
2016-06-29,NVDA,46.65
2016-06-30,NVDA,47.01
2016-07-01,NVDA,46.66
2016-07-05,NVDA,47.35
2016-07-06,NVDA,47.65
2016-07-07,NVDA,48.89
2016-07-08,NVDA,50.85
2016-07-11,NVDA,52.02
2016-07-12,NVDA,52.8
2016-07-13,NVDA,52.78
2016-07-14,NVDA,53.32
2016-07-15,NVDA,52.7
2016-07-18,NVDA,52.97
2016-07-19,NVDA,53.52
2016-07-20,NVDA,54.22
2016-07-21,NVDA,53.22
2016-07-22,NVDA,54.67
2016-07-25,NVDA,55.68
2016-07-26,NVDA,56.63
2016-07-27,NVDA,56.06
2016-07-28,NVDA,56.18
2016-07-29,NVDA,57.1
2016-08-01,NVDA,56.73
2016-08-02,NVDA,56.04
2016-08-03,NVDA,56.19
2016-08-04,NVDA,57.23
2016-08-05,NVDA,58.2
2016-08-08,NVDA,58.74
2016-08-09,NVDA,58.89
2016-08-10,NVDA,58.51
2016-08-11,NVDA,59.7
2016-08-12,NVDA,63.04
2016-08-15,NVDA,62.98
2016-08-16,NVDA,62.6
2016-08-17,NVDA,61.15
2016-08-18,NVDA,62.1
2016-08-19,NVDA,62.26
2016-08-22,NVDA,62.52
2016-08-23,NVDA,62.91
2016-08-24,NVDA,61.94
2016-08-25,NVDA,61.53
2016-08-26,NVDA,62.03
2016-08-29,NVDA,61.99
2016-08-30,NVDA,61.63
2016-08-31,NVDA,61.34
2016-09-01,NVDA,63.15
2016-09-02,NVDA,62.53
2016-09-06,NVDA,63.12
2016-09-07,NVDA,62.19
2016-09-08,NVDA,62.64
2016-09-09,NVDA,59.52
2016-09-12,NVDA,60.75
2016-09-13,NVDA,59.87
2016-09-14,NVDA,60.4
2016-09-15,NVDA,62.69
2016-09-16,NVDA,62.84
2016-09-19,NVDA,63.67
2016-09-20,NVDA,63.09
2016-09-21,NVDA,64.86
2016-09-22,NVDA,65.02
2016-09-23,NVDA,64.95
2016-09-26,NVDA,64.34
2016-09-27,NVDA,66.54
2016-09-28,NVDA,66.78
2016-09-29,NVDA,67.4
2016-09-30,NVDA,68.52
2016-10-03,NVDA,68.45
2016-10-04,NVDA,68.3
2016-10-05,NVDA,68.23
2016-10-06,NVDA,67.34
2016-10-07,NVDA,66.85
2016-10-10,NVDA,67.1
2016-10-11,NVDA,66.13
2016-10-12,NVDA,66.43
2016-10-13,NVDA,65.35
2016-10-14,NVDA,65.99
2016-10-17,NVDA,65.61
2016-10-18,NVDA,66.61
2016-10-19,NVDA,66.47
2016-10-20,NVDA,67.73
2016-10-21,NVDA,67.54
2016-10-24,NVDA,70.71
2016-10-25,NVDA,71.87
2016-10-26,NVDA,72.16
2016-10-27,NVDA,70.68
2016-10-28,NVDA,70.56
2016-10-31,NVDA,71.16
2016-11-01,NVDA,69.05
2016-11-02,NVDA,68.76
2016-11-03,NVDA,67.96
2016-11-04,NVDA,67.57
2016-11-07,NVDA,71.27
2016-11-08,NVDA,71.16
2016-11-09,NVDA,69.96
2016-11-10,NVDA,67.77
2016-11-11,NVDA,87.97
2016-11-14,NVDA,83.64
2016-11-15,NVDA,86.19
2016-11-16,NVDA,91.63
2016-11-17,NVDA,92.39
2016-11-18,NVDA,93.36
2016-11-21,NVDA,92.98
2016-11-22,NVDA,93.65
2016-11-23,NVDA,93.97
2016-11-25,NVDA,94.16
2016-11-28,NVDA,94.11
2016-11-29,NVDA,93.25
2016-11-30,NVDA,92.2
2016-12-01,NVDA,87.64
2016-12-02,NVDA,88.45
2016-12-05,NVDA,91.88
2016-12-06,NVDA,93.39
2016-12-07,NVDA,95.07
2016-12-08,NVDA,93.48
2016-12-09,NVDA,91.82
2016-12-12,NVDA,89.59
2016-12-13,NVDA,91.17
2016-12-14,NVDA,96.45
2016-12-15,NVDA,98.71
2016-12-16,NVDA,100.41
2016-12-19,NVDA,101.63
2016-12-20,NVDA,105.17
2016-12-21,NVDA,105.83
2016-12-22,NVDA,107.11
2016-12-23,NVDA,109.78
2016-12-27,NVDA,117.32
2016-12-28,NVDA,109.25
2016-12-29,NVDA,111.43
2016-12-30,NVDA,106.74
2017-01-03,NVDA,102.01
2017-01-04,NVDA,104.39
2017-01-05,NVDA,101.74
2017-01-06,NVDA,103.1
2017-01-09,NVDA,107.28
2017-01-10,NVDA,106.47
2017-01-11,NVDA,105.16
2017-01-12,NVDA,103.44
2017-01-13,NVDA,103.43
2017-01-17,NVDA,101.11
2017-01-18,NVDA,102.95
2017-01-19,NVDA,105.16
2017-01-20,NVDA,104.01
2017-01-23,NVDA,105.09
2017-01-24,NVDA,107.33
2017-01-25,NVDA,107.79
2017-01-26,NVDA,109.65
2017-01-27,NVDA,111.77
2017-01-30,NVDA,110.02
2017-01-31,NVDA,109.18
2017-02-01,NVDA,113.95
2017-02-02,NVDA,115.39
2017-02-03,NVDA,114.38
2017-02-06,NVDA,117.31
2017-02-07,NVDA,119.13
2017-02-08,NVDA,118.61
2017-02-09,NVDA,116.38
2017-02-10,NVDA,113.62
2017-02-13,NVDA,108.38
2017-02-14,NVDA,108.78
2017-02-15,NVDA,109.0
2017-02-16,NVDA,107.25
2017-02-17,NVDA,107.23
2017-02-21,NVDA,111.07
2017-02-22,NVDA,110.76
2017-02-23,NVDA,100.49
2017-02-24,NVDA,101.46
2017-02-27,NVDA,104.41
2017-02-28,NVDA,101.48
2017-03-01,NVDA,102.79
2017-03-02,NVDA,99.0
2017-03-03,NVDA,98.43
2017-03-06,NVDA,97.67
2017-03-07,NVDA,98.74
2017-03-08,NVDA,98.56
2017-03-09,NVDA,98.54
2017-03-10,NVDA,99.12
2017-03-13,NVDA,101.85
2017-03-14,NVDA,101.78
2017-03-15,NVDA,102.55
2017-03-16,NVDA,103.81
2017-03-17,NVDA,106.07
2017-03-20,NVDA,109.45
2017-03-21,NVDA,105.91
2017-03-22,NVDA,108.07
2017-03-23,NVDA,107.09
2017-03-24,NVDA,107.47
2017-03-27,NVDA,108.25
2017-03-28,NVDA,107.69
2017-03-29,NVDA,107.34
2017-03-30,NVDA,109.4
2017-03-31,NVDA,108.93
2017-04-03,NVDA,108.38
2017-04-04,NVDA,100.78
2017-04-05,NVDA,100.03
2017-04-06,NVDA,100.76
2017-04-07,NVDA,100.33
2017-04-10,NVDA,97.77
2017-04-11,NVDA,98.12
2017-04-12,NVDA,97.31
2017-04-13,NVDA,95.49
2017-04-17,NVDA,99.23
2017-04-18,NVDA,99.29
2017-04-19,NVDA,99.68
2017-04-20,NVDA,101.26
2017-04-21,NVDA,101.68
2017-04-24,NVDA,102.95
2017-04-25,NVDA,104.74
2017-04-26,NVDA,104.02
2017-04-27,NVDA,105.64
2017-04-28,NVDA,104.3
2017-05-01,NVDA,106.64
2017-05-02,NVDA,103.48
2017-05-03,NVDA,104.25
2017-05-04,NVDA,103.85
2017-05-05,NVDA,103.86
2017-05-08,NVDA,102.77
2017-05-09,NVDA,102.94
2017-05-10,NVDA,121.29
2017-05-11,NVDA,126.5
2017-05-12,NVDA,127.89
2017-05-15,NVDA,134.31
2017-05-16,NVDA,136.81
2017-05-17,NVDA,127.72
2017-05-18,NVDA,133.07
2017-05-19,NVDA,136.0
2017-05-22,NVDA,138.9
2017-05-23,NVDA,137.03
2017-05-24,NVDA,138.57
2017-05-25,NVDA,138.26
2017-05-26,NVDA,141.84
2017-05-30,NVDA,144.87
2017-05-31,NVDA,144.35
2017-06-01,NVDA,144.36
2017-06-02,NVDA,143.64
2017-06-05,NVDA,148.01
2017-06-06,NVDA,147.34
2017-06-07,NVDA,149.12
2017-06-08,NVDA,159.94
2017-06-09,NVDA,149.6
2017-06-12,NVDA,149.97
2017-06-13,NVDA,151.4
2017-06-14,NVDA,151.72
2017-06-15,NVDA,152.37
2017-06-16,NVDA,151.62
2017-06-19,NVDA,157.32
2017-06-20,NVDA,157.09
2017-06-21,NVDA,159.47
2017-06-22,NVDA,158.37
2017-06-23,NVDA,153.83
2017-06-26,NVDA,152.15
2017-06-27,NVDA,146.58
2017-06-28,NVDA,151.75
2017-06-29,NVDA,146.68
2017-06-30,NVDA,144.56
2017-07-03,NVDA,139.33
2017-07-05,NVDA,143.05
2017-07-06,NVDA,143.48
2017-07-07,NVDA,146.76
2017-07-10,NVDA,153.7
2017-07-11,NVDA,155.88
2017-07-12,NVDA,162.51
2017-07-13,NVDA,160.63
2017-07-14,NVDA,164.95
2017-07-17,NVDA,164.25
2017-07-18,NVDA,165.96
2017-07-19,NVDA,165.1
2017-07-20,NVDA,167.5
2017-07-21,NVDA,168.1
2017-07-24,NVDA,166.15
2017-07-25,NVDA,165.35
2017-07-26,NVDA,167.26
2017-07-27,NVDA,161.74
2017-07-28,NVDA,164.39
2017-07-31,NVDA,162.51
2017-08-01,NVDA,164.49
2017-08-02,NVDA,164.39
2017-08-03,NVDA,166.48
2017-08-04,NVDA,167.21
2017-08-07,NVDA,172.35
2017-08-08,NVDA,170.3
2017-08-09,NVDA,172.11
2017-08-10,NVDA,164.74
2017-08-11,NVDA,155.96
2017-08-14,NVDA,168.4
2017-08-15,NVDA,166.98
2017-08-16,NVDA,165.15
2017-08-17,NVDA,161.47
2017-08-18,NVDA,161.5
2017-08-21,NVDA,159.15
2017-08-22,NVDA,162.55
2017-08-23,NVDA,165.8
2017-08-24,NVDA,165.19
2017-08-25,NVDA,163.81
2017-08-28,NVDA,164.97
2017-08-29,NVDA,164.7
2017-08-30,NVDA,165.68
2017-08-31,NVDA,169.44
2017-09-01,NVDA,170.46
2017-09-05,NVDA,165.91
2017-09-06,NVDA,165.81
2017-09-07,NVDA,166.58
2017-09-08,NVDA,163.69
2017-09-11,NVDA,169.0
2017-09-12,NVDA,169.61
2017-09-13,NVDA,170.37
2017-09-14,NVDA,169.4
2017-09-15,NVDA,180.11
2017-09-18,NVDA,187.55
2017-09-19,NVDA,187.35
2017-09-20,NVDA,185.84
2017-09-21,NVDA,180.76
2017-09-22,NVDA,179.0
2017-09-25,NVDA,171.0
2017-09-26,NVDA,171.96
2017-09-27,NVDA,175.73
2017-09-28,NVDA,175.68
2017-09-29,NVDA,178.77
2017-10-02,NVDA,179.0
2017-10-03,NVDA,179.37
2017-10-04,NVDA,180.87
2017-10-05,NVDA,180.77
2017-10-06,NVDA,181.3
2017-10-09,NVDA,185.39
2017-10-10,NVDA,188.93
2017-10-11,NVDA,190.94
2017-10-12,NVDA,191.03
2017-10-13,NVDA,194.59
2017-10-16,NVDA,197.93
2017-10-17,NVDA,197.75
2017-10-18,NVDA,197.58
2017-10-19,NVDA,197.8
2017-10-20,NVDA,196.9
2017-10-23,NVDA,196.62
2017-10-24,NVDA,198.68
2017-10-25,NVDA,193.66
2017-10-26,NVDA,195.69
2017-10-27,NVDA,201.86
2017-10-30,NVDA,203.84
2017-10-31,NVDA,206.81
2017-11-01,NVDA,207.2
2017-11-02,NVDA,205.94
2017-11-03,NVDA,208.69
2017-11-06,NVDA,209.63
2017-11-07,NVDA,212.03
2017-11-08,NVDA,209.16
2017-11-09,NVDA,205.32
2017-11-10,NVDA,216.14
2017-11-13,NVDA,212.63
2017-11-14,NVDA,214.18
2017-11-15,NVDA,209.98
2017-11-16,NVDA,211.61
2017-11-17,NVDA,211.36
2017-11-20,NVDA,214.08
2017-11-21,NVDA,216.05
2017-11-22,NVDA,214.93
2017-11-24,NVDA,216.96
2017-11-27,NVDA,214.14
2017-11-28,NVDA,210.71
2017-11-29,NVDA,196.42
2017-11-30,NVDA,200.71
2017-12-01,NVDA,197.68
2017-12-04,NVDA,186.66
2017-12-05,NVDA,187.74
2017-12-06,NVDA,189.26
2017-12-07,NVDA,191.99
2017-12-08,NVDA,191.49
2017-12-11,NVDA,194.66
2017-12-12,NVDA,190.84
2017-12-13,NVDA,186.18
2017-12-14,NVDA,186.47
2017-12-15,NVDA,191.56
2017-12-18,NVDA,197.9
2017-12-19,NVDA,196.11
2017-12-20,NVDA,196.8
2017-12-21,NVDA,195.89
2017-12-22,NVDA,195.27
2017-12-26,NVDA,197.44
2017-12-27,NVDA,197.17
2017-12-28,NVDA,197.4
2017-12-29,NVDA,193.5
2018-01-02,NVDA,199.35
2018-01-03,NVDA,212.47
2018-01-04,NVDA,213.59
2018-01-05,NVDA,215.4
2018-01-08,NVDA,222.0
2018-01-09,NVDA,221.94
2018-01-10,NVDA,223.68
2018-01-11,NVDA,224.08
2018-01-12,NVDA,222.98
2018-01-16,NVDA,220.11
2018-01-17,NVDA,224.72
2018-01-18,NVDA,224.44
2018-01-19,NVDA,230.11
2018-01-22,NVDA,233.69
2018-01-23,NVDA,238.91
2018-01-24,NVDA,235.8
2018-01-25,NVDA,236.35
2018-01-26,NVDA,243.33
2018-01-29,NVDA,246.85
2018-01-30,NVDA,242.72
2018-01-31,NVDA,245.8
2018-02-01,NVDA,240.5
2018-02-02,NVDA,233.52
2018-02-05,NVDA,213.7
2018-02-06,NVDA,225.58
2018-02-07,NVDA,228.8
2018-02-08,NVDA,217.52
2018-02-09,NVDA,232.08
2018-02-12,NVDA,228.03
2018-02-13,NVDA,232.63
2018-02-14,NVDA,241.42
2018-02-15,NVDA,246.5
2018-02-16,NVDA,243.84
2018-02-20,NVDA,249.08
2018-02-21,NVDA,241.51
2018-02-22,NVDA,242.15
2018-02-23,NVDA,245.93
2018-02-26,NVDA,246.58
2018-02-27,NVDA,246.06
2018-02-28,NVDA,242.0
2018-03-01,NVDA,232.21
2018-03-02,NVDA,236.54
2018-03-05,NVDA,235.65
2018-03-06,NVDA,242.16
2018-03-07,NVDA,241.84
2018-03-08,NVDA,241.18
2018-03-09,NVDA,245.33
2018-03-12,NVDA,249.76
2018-03-13,NVDA,247.71
2018-03-14,NVDA,248.74
2018-03-15,NVDA,249.34
2018-03-16,NVDA,250.48
2018-03-19,NVDA,241.0
2018-03-20,NVDA,249.58
2018-03-21,NVDA,248.56
2018-03-22,NVDA,241.85
2018-03-23,NVDA,232.97
2018-03-26,NVDA,244.48
2018-03-27,NVDA,225.52
2018-03-28,NVDA,221.35
2018-03-29,NVDA,231.59
2018-04-02,NVDA,221.05
2018-04-03,NVDA,225.35
2018-04-04,NVDA,226.24
2018-04-05,NVDA,221.38
2018-04-06,NVDA,214.25
2018-04-09,NVDA,215.41
2018-04-10,NVDA,227.91
2018-04-11,NVDA,226.24
2018-04-12,NVDA,234.6
2018-04-13,NVDA,231.5
2018-04-16,NVDA,231.49
2018-04-17,NVDA,237.54
2018-04-18,NVDA,236.37
2018-04-19,NVDA,229.04
2018-04-20,NVDA,228.71
2018-04-23,NVDA,223.88
2018-04-24,NVDA,221.2
2018-04-25,NVDA,216.66
2018-04-26,NVDA,225.22
2018-04-27,NVDA,226.33
2018-04-30,NVDA,224.9
2018-05-01,NVDA,227.14
2018-05-02,NVDA,226.31
2018-05-03,NVDA,232.99
2018-05-04,NVDA,239.06
2018-05-07,NVDA,248.68
2018-05-08,NVDA,250.4
2018-05-09,NVDA,255.78
2018-05-10,NVDA,260.13
2018-05-11,NVDA,254.53
2018-05-14,NVDA,255.36
2018-05-15,NVDA,245.56
2018-05-16,NVDA,246.01
2018-05-17,NVDA,247.71
2018-05-18,NVDA,245.94
2018-05-21,NVDA,244.24
2018-05-22,NVDA,242.7
2018-05-23,NVDA,247.54
2018-05-24,NVDA,247.69
2018-05-25,NVDA,249.28
2018-05-29,NVDA,248.59
2018-05-30,NVDA,252.99
2018-05-31,NVDA,252.19
2018-06-01,NVDA,257.62
2018-06-04,NVDA,264.85
2018-06-05,NVDA,265.07
2018-06-06,NVDA,265.15
2018-06-07,NVDA,262.9
2018-06-08,NVDA,262.28
2018-06-11,NVDA,260.62
2018-06-12,NVDA,262.58
2018-06-13,NVDA,262.4
2018-06-14,NVDA,266.91
2018-06-15,NVDA,265.26
2018-06-18,NVDA,265.09
2018-06-19,NVDA,260.17
2018-06-20,NVDA,262.31
2018-06-21,NVDA,257.11
2018-06-22,NVDA,250.95
2018-06-25,NVDA,239.12
2018-06-26,NVDA,241.99
2018-06-27,NVDA,235.72
2018-06-28,NVDA,240.86
2018-06-29,NVDA,236.9
2018-07-02,NVDA,242.24
2018-07-03,NVDA,236.84
2018-07-05,NVDA,242.73
2018-07-06,NVDA,247.33
2018-07-09,NVDA,249.25
2018-07-10,NVDA,253.25
2018-07-11,NVDA,247.53
2018-07-12,NVDA,251.23
2018-07-13,NVDA,249.32
2018-07-16,NVDA,248.2
2018-07-17,NVDA,253.69
2018-07-18,NVDA,251.7
2018-07-19,NVDA,252.03
2018-07-20,NVDA,250.89
2018-07-23,NVDA,249.41
2018-07-24,NVDA,248.71
2018-07-25,NVDA,251.87
2018-07-26,NVDA,254.84
2018-07-27,NVDA,252.02
2018-07-30,NVDA,244.13
2018-07-31,NVDA,244.86
2018-08-01,NVDA,246.47
2018-08-02,NVDA,250.62
2018-08-03,NVDA,252.1
2018-08-06,NVDA,254.03
2018-08-07,NVDA,256.95
2018-08-08,NVDA,258.42
2018-08-09,NVDA,256.46
2018-08-10,NVDA,254.79
2018-08-13,NVDA,256.12
2018-08-14,NVDA,261.43
2018-08-15,NVDA,259.08
2018-08-16,NVDA,257.44
2018-08-17,NVDA,244.82
2018-08-20,NVDA,247.84
2018-08-21,NVDA,253.32
2018-08-22,NVDA,262.82
2018-08-23,NVDA,266.84
2018-08-24,NVDA,272.22
2018-08-27,NVDA,275.9
2018-08-28,NVDA,274.38
2018-08-29,NVDA,278.49
2018-08-30,NVDA,277.81
2018-08-31,NVDA,280.68
2018-09-04,NVDA,283.7
2018-09-05,NVDA,278.42
2018-09-06,NVDA,272.72
2018-09-07,NVDA,271.86
2018-09-10,NVDA,274.73
2018-09-11,NVDA,272.8
2018-09-12,NVDA,268.2
2018-09-13,NVDA,271.34
2018-09-14,NVDA,276.43
2018-09-17,NVDA,273.93
2018-09-18,NVDA,271.02
2018-09-19,NVDA,271.98
2018-09-20,NVDA,266.28
2018-09-21,NVDA,263.45
2018-09-24,NVDA,265.7
2018-09-25,NVDA,268.41
2018-09-26,NVDA,266.92
2018-09-27,NVDA,267.4
2018-09-28,NVDA,281.02
2018-10-01,NVDA,289.36
2018-10-02,NVDA,286.48
2018-10-03,NVDA,286.73
2018-10-04,NVDA,279.29
2018-10-05,NVDA,269.86
2018-10-08,NVDA,265.77
2018-10-09,NVDA,265.54
2018-10-10,NVDA,245.69
2018-10-11,NVDA,235.13
2018-10-12,NVDA,246.54
2018-10-15,NVDA,235.38
2018-10-16,NVDA,245.83
2018-10-17,NVDA,243.06
2018-10-18,NVDA,239.53
2018-10-19,NVDA,229.17
2018-10-22,NVDA,231.22
2018-10-23,NVDA,221.06
2018-10-24,NVDA,199.41
2018-10-25,NVDA,207.84
2018-10-26,NVDA,198.29
2018-10-29,NVDA,185.62
2018-10-30,NVDA,203.0
2018-10-31,NVDA,210.83
2018-11-01,NVDA,218.11
2018-11-02,NVDA,214.92
2018-11-05,NVDA,211.77
2018-11-06,NVDA,211.06
2018-11-07,NVDA,213.79
2018-11-08,NVDA,205.99
2018-11-09,NVDA,205.67
2018-11-12,NVDA,189.54
2018-11-13,NVDA,199.31
2018-11-14,NVDA,197.19
2018-11-15,NVDA,202.39
2018-11-16,NVDA,164.43
2018-11-19,NVDA,144.7
2018-11-20,NVDA,149.08
2018-11-21,NVDA,144.71
2018-11-23,NVDA,145.0
2018-11-26,NVDA,153.05
2018-11-27,NVDA,153.73
2018-11-28,NVDA,160.07
2018-11-29,NVDA,157.36
2018-11-30,NVDA,163.43
2018-12-03,NVDA,170.04
2018-12-04,NVDA,157.11
2018-12-06,NVDA,158.29
2018-12-07,NVDA,147.61
2018-12-10,NVDA,151.86
2018-12-11,NVDA,148.19
2018-12-12,NVDA,148.9
2018-12-13,NVDA,148.89
2018-12-14,NVDA,146.45
2018-12-17,NVDA,143.58
2018-12-18,NVDA,146.94
2018-12-19,NVDA,138.51
2018-12-20,NVDA,135.1
2018-12-21,NVDA,129.57
2018-12-24,NVDA,127.08
2018-12-26,NVDA,133.1
2018-12-27,NVDA,131.17
2018-12-28,NVDA,133.65
2018-12-31,NVDA,133.5
2019-01-02,NVDA,136.22
2019-01-03,NVDA,127.99
2019-01-04,NVDA,136.19
2019-01-07,NVDA,143.4
2019-01-08,NVDA,139.83
2019-01-09,NVDA,142.58
2019-01-10,NVDA,145.23
2019-01-11,NVDA,148.83
2019-01-14,NVDA,150.44
2019-01-15,NVDA,149.87
2019-01-16,NVDA,148.84
2019-01-17,NVDA,151.72
2019-01-18,NVDA,156.93
2019-01-22,NVDA,148.77
2019-01-23,NVDA,149.29
2019-01-24,NVDA,157.84
2019-01-25,NVDA,160.15
2019-01-28,NVDA,138.01
2019-01-29,NVDA,131.6
2019-01-30,NVDA,137.39
2019-01-31,NVDA,143.75
2019-02-01,NVDA,144.73
2019-02-04,NVDA,149.18
2019-02-05,NVDA,149.95
2019-02-06,NVDA,153.0
2019-02-07,NVDA,147.42
2019-02-08,NVDA,148.17
2019-02-11,NVDA,146.45
2019-02-12,NVDA,151.17
2019-02-13,NVDA,152.88
2019-02-14,NVDA,154.53
2019-02-15,NVDA,157.34
2019-02-19,NVDA,156.64
2019-02-20,NVDA,158.55
2019-02-21,NVDA,155.77
2019-02-22,NVDA,159.19
2019-02-25,NVDA,158.69
2019-02-26,NVDA,157.1
2019-02-27,NVDA,155.41
2019-02-28,NVDA,154.26
2019-03-01,NVDA,156.45
2019-03-04,NVDA,156.78
2019-03-05,NVDA,156.52
2019-03-06,NVDA,152.05
2019-03-07,NVDA,149.26
2019-03-08,NVDA,150.64
2019-03-11,NVDA,161.14
2019-03-12,NVDA,162.52
2019-03-13,NVDA,168.62
2019-03-14,NVDA,165.56
2019-03-15,NVDA,169.81
2019-03-18,NVDA,168.95
2019-03-19,NVDA,175.71
2019-03-20,NVDA,174.4
2019-03-21,NVDA,183.94
2019-03-22,NVDA,177.5
2019-03-25,NVDA,173.78
2019-03-26,NVDA,176.87
2019-03-27,NVDA,176.5
2019-03-28,NVDA,177.25
2019-03-29,NVDA,179.56
2019-04-01,NVDA,182.28
2019-04-02,NVDA,183.0
2019-04-03,NVDA,188.62
2019-04-04,NVDA,188.26
2019-04-05,NVDA,190.95
2019-04-08,NVDA,191.79
2019-04-09,NVDA,189.26
2019-04-10,NVDA,192.1
2019-04-11,NVDA,191.54
2019-04-12,NVDA,190.01
2019-04-15,NVDA,184.7
2019-04-16,NVDA,188.21
2019-04-17,NVDA,187.29
2019-04-18,NVDA,186.3
2019-04-22,NVDA,188.47
2019-04-23,NVDA,190.67
2019-04-24,NVDA,191.17
2019-04-25,NVDA,186.91
2019-04-26,NVDA,178.09
2019-04-29,NVDA,179.33
2019-04-30,NVDA,181.0
2019-05-01,NVDA,180.47
2019-05-02,NVDA,183.19
2019-05-03,NVDA,183.01
2019-05-06,NVDA,179.85
2019-05-07,NVDA,173.11
2019-05-08,NVDA,173.92
2019-05-09,NVDA,170.19
2019-05-10,NVDA,168.82
2019-05-13,NVDA,158.45
2019-05-14,NVDA,162.04
2019-05-15,NVDA,159.58
2019-05-16,NVDA,160.19
2019-05-17,NVDA,156.53
2019-05-20,NVDA,151.75
2019-05-21,NVDA,155.06
2019-05-22,NVDA,152.2
2019-05-23,NVDA,147.32
2019-05-24,NVDA,145.15
2019-05-28,NVDA,143.33
2019-05-29,NVDA,140.34
2019-05-30,NVDA,139.11
2019-05-31,NVDA,135.46
2019-06-03,NVDA,133.78
2019-06-04,NVDA,143.0
2019-06-05,NVDA,141.28
2019-06-06,NVDA,143.78
2019-06-07,NVDA,145.5
2019-06-10,NVDA,148.43
2019-06-11,NVDA,150.75
2019-06-12,NVDA,146.2
2019-06-13,NVDA,148.26
2019-06-14,NVDA,144.64
2019-06-17,NVDA,145.03
2019-06-18,NVDA,152.88
2019-06-19,NVDA,153.12
2019-06-20,NVDA,154.1
2019-06-21,NVDA,151.76
2019-06-24,NVDA,152.66
2019-06-25,NVDA,151.48
2019-06-26,NVDA,159.26
2019-06-27,NVDA,163.23
2019-06-28,NVDA,164.23
2019-07-01,NVDA,166.17
2019-07-02,NVDA,162.23
2019-07-03,NVDA,162.75
2019-07-05,NVDA,160.23
2019-07-08,NVDA,157.21
2019-07-09,NVDA,157.31
2019-07-10,NVDA,160.06
2019-07-11,NVDA,166.28
2019-07-12,NVDA,167.61
2019-07-15,NVDA,167.27
2019-07-16,NVDA,167.08
2019-07-17,NVDA,169.71
2019-07-18,NVDA,170.18
2019-07-19,NVDA,168.44
2019-07-22,NVDA,171.32
2019-07-23,NVDA,175.66
2019-07-24,NVDA,178.66
2019-07-25,NVDA,173.38
2019-07-26,NVDA,175.07
2019-07-29,NVDA,174.82
2019-07-30,NVDA,175.45
2019-07-31,NVDA,168.72
2019-08-01,NVDA,164.92
2019-08-02,NVDA,161.19
2019-08-05,NVDA,150.79
2019-08-06,NVDA,152.35
2019-08-07,NVDA,153.89
2019-08-08,NVDA,158.26
2019-08-09,NVDA,154.18
2019-08-12,NVDA,151.45
2019-08-13,NVDA,156.05
2019-08-14,NVDA,150.07
2019-08-15,NVDA,148.77
2019-08-16,NVDA,159.56
2019-08-19,NVDA,170.78
2019-08-20,NVDA,167.87
2019-08-21,NVDA,171.23
2019-08-22,NVDA,171.48
2019-08-23,NVDA,162.44
2019-08-26,NVDA,165.45
2019-08-27,NVDA,161.8
2019-08-28,NVDA,161.22
2019-08-29,NVDA,167.0
2019-08-30,NVDA,167.51
2019-09-03,NVDA,164.17
2019-09-04,NVDA,168.76
2019-09-05,NVDA,179.74
2019-09-06,NVDA,178.65
2019-09-09,NVDA,180.5
2019-09-10,NVDA,183.18
2019-09-11,NVDA,184.33
2019-09-12,NVDA,184.27
2019-09-13,NVDA,181.94
2019-09-16,NVDA,180.21
2019-09-17,NVDA,181.07
2019-09-18,NVDA,179.98
2019-09-19,NVDA,176.94
2019-09-20,NVDA,172.69
2019-09-23,NVDA,174.84
2019-09-24,NVDA,172.53
2019-09-25,NVDA,178.23
2019-09-26,NVDA,177.34
2019-09-27,NVDA,171.76
2019-09-30,NVDA,174.07
2019-10-01,NVDA,174.0
2019-10-02,NVDA,173.04
2019-10-03,NVDA,181.31
2019-10-04,NVDA,181.97
2019-10-07,NVDA,184.33
2019-10-08,NVDA,177.23
2019-10-09,NVDA,180.71
2019-10-10,NVDA,183.03
2019-10-11,NVDA,185.99
2019-10-14,NVDA,186.53
2019-10-15,NVDA,196.37
2019-10-16,NVDA,194.21
2019-10-17,NVDA,194.29
2019-10-18,NVDA,190.49
2019-10-21,NVDA,196.01
2019-10-22,NVDA,195.61
2019-10-23,NVDA,195.09
2019-10-24,NVDA,196.86
2019-10-25,NVDA,204.54
2019-10-28,NVDA,206.79
2019-10-29,NVDA,202.92
2019-10-30,NVDA,203.0
2019-10-31,NVDA,201.02
2019-11-01,NVDA,202.59
2019-11-04,NVDA,210.5
2019-11-05,NVDA,209.61
2019-11-06,NVDA,207.63
2019-11-07,NVDA,208.34
2019-11-08,NVDA,207.78
2019-11-11,NVDA,208.18
2019-11-12,NVDA,209.61
2019-11-13,NVDA,208.57
2019-11-14,NVDA,209.79
2019-11-15,NVDA,204.19
2019-11-18,NVDA,212.28
2019-11-19,NVDA,207.99
2019-11-20,NVDA,211.18
2019-11-21,NVDA,210.18
2019-11-22,NVDA,210.89
2019-11-25,NVDA,221.21
2019-11-26,NVDA,217.0
2019-11-27,NVDA,218.24
2019-11-29,NVDA,216.74
2019-12-02,NVDA,209.25
2019-12-03,NVDA,207.66
2019-12-04,NVDA,209.42
2019-12-05,NVDA,208.74
2019-12-06,NVDA,212.17
2019-12-09,NVDA,212.17
2019-12-10,NVDA,213.98
2019-12-11,NVDA,217.34
2019-12-12,NVDA,224.07
2019-12-13,NVDA,223.99
2019-12-16,NVDA,225.15
2019-12-17,NVDA,228.29
2019-12-18,NVDA,229.51
2019-12-19,NVDA,235.46
2019-12-20,NVDA,239.37
2019-12-23,NVDA,238.82
2019-12-24,NVDA,238.62
2019-12-26,NVDA,239.19
2019-12-27,NVDA,236.87
2019-12-30,NVDA,232.32
2019-12-31,NVDA,235.3
2020-01-02,NVDA,239.91
2020-01-03,NVDA,236.07
2020-01-06,NVDA,237.06
2020-01-07,NVDA,239.93
2020-01-08,NVDA,240.38
2020-01-09,NVDA,243.02
2020-01-10,NVDA,244.32
2020-01-13,NVDA,251.98
2020-01-14,NVDA,247.28
2020-01-15,NVDA,245.57
2020-01-16,NVDA,248.93
2020-01-17,NVDA,249.28
2020-01-21,NVDA,247.94
2020-01-22,NVDA,250.11
2020-01-23,NVDA,252.86
2020-01-24,NVDA,250.48
2020-01-27,NVDA,240.2
2020-01-28,NVDA,247.97
2020-01-29,NVDA,245.54
2020-01-30,NVDA,245.81
2020-01-31,NVDA,236.43
2020-02-03,NVDA,240.33
2020-02-04,NVDA,247.13
2020-02-05,NVDA,250.76
2020-02-06,NVDA,254.25
2020-02-07,NVDA,251.59
2020-02-10,NVDA,262.97
2020-02-11,NVDA,267.89
2020-02-12,NVDA,272.54
2020-02-13,NVDA,270.78
2020-02-14,NVDA,289.79
2020-02-18,NVDA,296.57
2020-02-19,NVDA,314.7
2020-02-20,NVDA,308.7
2020-02-21,NVDA,294.07
2020-02-24,NVDA,273.28
2020-02-25,NVDA,262.05
2020-02-26,NVDA,267.65
2020-02-27,NVDA,252.6
2020-02-28,NVDA,270.07
2020-03-02,NVDA,276.43
2020-03-03,NVDA,265.89
2020-03-04,NVDA,284.51
2020-03-05,NVDA,273.29
2020-03-06,NVDA,266.04
2020-03-09,NVDA,245.44
2020-03-10,NVDA,261.08
2020-03-11,NVDA,246.47
2020-03-12,NVDA,216.31
2020-03-13,NVDA,240.84
2020-03-16,NVDA,196.4
2020-03-17,NVDA,217.27
2020-03-18,NVDA,202.82
2020-03-19,NVDA,212.97
2020-03-20,NVDA,205.75
2020-03-23,NVDA,212.69
2020-03-24,NVDA,249.18
2020-03-25,NVDA,245.62
2020-03-26,NVDA,257.24
2020-03-27,NVDA,252.73
2020-03-30,NVDA,265.59
2020-03-31,NVDA,263.6
2020-04-01,NVDA,243.07
2020-04-02,NVDA,255.47
2020-04-03,NVDA,243.91
2020-04-06,NVDA,268.4
2020-04-07,NVDA,259.03
2020-04-08,NVDA,266.95
2020-04-09,NVDA,262.95
2020-04-13,NVDA,269.85
2020-04-14,NVDA,283.95
2020-04-15,NVDA,280.84
2020-04-16,NVDA,294.7
2020-04-17,NVDA,292.32
2020-04-20,NVDA,287.05
2020-04-21,NVDA,269.51
2020-04-22,NVDA,286.15
2020-04-23,NVDA,284.01
2020-04-24,NVDA,289.59
2020-04-27,NVDA,297.08
2020-04-28,NVDA,291.36
2020-04-29,NVDA,298.46
2020-04-30,NVDA,292.28
2020-05-01,NVDA,282.78
2020-05-04,NVDA,291.29
2020-05-05,NVDA,293.74
2020-05-06,NVDA,297.79
2020-05-07,NVDA,304.87
2020-05-08,NVDA,312.5
2020-05-11,NVDA,322.62
2020-05-12,NVDA,312.1
2020-05-13,NVDA,311.2
2020-05-14,NVDA,321.22
2020-05-15,NVDA,339.63
2020-05-18,NVDA,350.01
2020-05-19,NVDA,352.22
2020-05-20,NVDA,358.8
2020-05-21,NVDA,351.01
2020-05-22,NVDA,361.05
2020-05-26,NVDA,348.71
2020-05-27,NVDA,341.01
2020-05-28,NVDA,339.48
2020-05-29,NVDA,355.02
2020-06-01,NVDA,352.25
2020-06-02,NVDA,353.01
2020-06-03,NVDA,350.78
2020-06-04,NVDA,350.66
2020-06-05,NVDA,356.8
2020-06-08,NVDA,352.2
2020-06-09,NVDA,361.84
2020-06-10,NVDA,374.67
2020-06-11,NVDA,351.85
2020-06-12,NVDA,357.3
2020-06-15,NVDA,366.95
2020-06-16,NVDA,362.74
2020-06-17,NVDA,369.44
2020-06-18,NVDA,368.72
2020-06-19,NVDA,370.45
2020-06-22,NVDA,381.07
2020-06-23,NVDA,378.0
2020-06-24,NVDA,369.42
2020-06-25,NVDA,379.6
2020-06-26,NVDA,366.2
2020-06-29,NVDA,368.0
2020-06-30,NVDA,379.91
2020-07-01,NVDA,381.2
2020-07-02,NVDA,384.49
2020-07-06,NVDA,393.57
2020-07-07,NVDA,394.87
2020-07-08,NVDA,408.64
2020-07-09,NVDA,420.36
2020-07-10,NVDA,419.17
2020-07-13,NVDA,402.09
2020-07-14,NVDA,415.08
2020-07-15,NVDA,409.09
2020-07-16,NVDA,405.39
2020-07-17,NVDA,408.06
2020-07-20,NVDA,420.43
2020-07-21,NVDA,413.14
2020-07-22,NVDA,417.55
2020-07-23,NVDA,405.19
2020-07-24,NVDA,407.78
2020-07-27,NVDA,416.86
2020-07-28,NVDA,408.62
2020-07-29,NVDA,418.62
2020-07-30,NVDA,424.56
2020-07-31,NVDA,424.59
2020-08-03,NVDA,440.41
2020-08-04,NVDA,449.11
2020-08-05,NVDA,451.47
2020-08-06,NVDA,453.42
2020-08-07,NVDA,447.98
2020-08-10,NVDA,446.6
2020-08-11,NVDA,434.0
2020-08-12,NVDA,457.61
2020-08-13,NVDA,457.72
2020-08-14,NVDA,462.56
2020-08-17,NVDA,493.48
2020-08-18,NVDA,490.43
2020-08-19,NVDA,485.54
2020-08-20,NVDA,485.64
2020-08-21,NVDA,507.34
2020-08-24,NVDA,508.81
2020-08-25,NVDA,510.0
2020-08-26,NVDA,510.92
2020-08-27,NVDA,505.13
2020-08-28,NVDA,525.91
2020-08-31,NVDA,534.98
2020-09-01,NVDA,552.84
2020-09-02,NVDA,573.86
2020-09-03,NVDA,520.62
2020-09-04,NVDA,504.9
2020-09-08,NVDA,476.52
2020-09-09,NVDA,508.6
2020-09-10,NVDA,492.47
2020-09-11,NVDA,486.58
2020-09-14,NVDA,514.89
2020-09-15,NVDA,519.64
2020-09-16,NVDA,500.58
2020-09-17,NVDA,498.54
2020-09-18,NVDA,487.57
2020-09-21,NVDA,500.69
2020-09-22,NVDA,505.51
2020-09-23,NVDA,484.95
2020-09-24,NVDA,493.92
2020-09-25,NVDA,514.95
2020-09-28,NVDA,521.4
2020-09-29,NVDA,529.03
2020-09-30,NVDA,541.22
2020-10-01,NVDA,544.58
2020-10-02,NVDA,522.49
2020-10-05,NVDA,545.7
2020-10-06,NVDA,549.46
2020-10-07,NVDA,558.56
2020-10-08,NVDA,553.55
2020-10-09,NVDA,550.51
2020-10-12,NVDA,569.04
2020-10-13,NVDA,569.93
2020-10-14,NVDA,563.81
2020-10-15,NVDA,558.8
2020-10-16,NVDA,552.46
2020-10-19,NVDA,539.91
2020-10-20,NVDA,545.82
2020-10-21,NVDA,540.99
2020-10-22,NVDA,534.44
2020-10-23,NVDA,543.61
2020-10-26,NVDA,525.65
2020-10-27,NVDA,535.87
2020-10-28,NVDA,505.08
2020-10-29,NVDA,520.96
2020-10-30,NVDA,501.36
2020-11-02,NVDA,503.23
2020-11-03,NVDA,520.78
2020-11-04,NVDA,551.77
2020-11-05,NVDA,566.4
2020-11-06,NVDA,582.48
2020-11-09,NVDA,545.23
2020-11-10,NVDA,510.8
2020-11-11,NVDA,536.72
2020-11-12,NVDA,538.27
2020-11-13,NVDA,531.88
2020-11-16,NVDA,540.61
2020-11-17,NVDA,536.89
2020-11-18,NVDA,537.15
2020-11-19,NVDA,537.61
2020-11-20,NVDA,523.51
2020-11-23,NVDA,525.6
2020-11-24,NVDA,518.31
2020-11-25,NVDA,529.39
2020-11-27,NVDA,530.45
2020-11-30,NVDA,536.06
2020-12-01,NVDA,535.6
2020-12-02,NVDA,541.78
2020-12-03,NVDA,535.84
2020-12-04,NVDA,542.33
2020-12-07,NVDA,544.27
2020-12-08,NVDA,534.0
2020-12-09,NVDA,517.23
2020-12-10,NVDA,518.89
2020-12-11,NVDA,520.53
2020-12-14,NVDA,532.35
2020-12-15,NVDA,534.42
2020-12-16,NVDA,529.7
2020-12-17,NVDA,533.65
2020-12-18,NVDA,530.88
2020-12-21,NVDA,533.29
2020-12-22,NVDA,531.13
2020-12-23,NVDA,520.37
2020-12-24,NVDA,519.75
2020-12-28,NVDA,516.0
2020-12-29,NVDA,517.73
2020-12-30,NVDA,525.83
2020-12-31,NVDA,522.2
2021-01-04,NVDA,524.54
2021-01-05,NVDA,536.19
2021-01-06,NVDA,504.58
2021-01-07,NVDA,533.76
2021-01-08,NVDA,531.07
2021-01-11,NVDA,544.86
2021-01-12,NVDA,539.39
2021-01-13,NVDA,541.27
2021-01-14,NVDA,528.01
2021-01-15,NVDA,514.38
2021-01-19,NVDA,521.01
2021-01-20,NVDA,534.63
2021-01-21,NVDA,554.7
2021-01-22,NVDA,548.5
2021-01-25,NVDA,546.13
2021-01-26,NVDA,537.41
2021-01-27,NVDA,516.71
2021-01-28,NVDA,522.04
2021-01-29,NVDA,519.59
2021-02-01,NVDA,529.48
2021-02-02,NVDA,542.27
2021-02-03,NVDA,541.22
2021-02-04,NVDA,546.57
2021-02-05,NVDA,543.64
2021-02-08,NVDA,577.55
2021-02-09,NVDA,570.53
2021-02-10,NVDA,590.57
2021-02-11,NVDA,610.03
2021-02-12,NVDA,598.45
2021-02-16,NVDA,613.21
2021-02-17,NVDA,596.24
2021-02-18,NVDA,593.16
2021-02-19,NVDA,597.06
2021-02-22,NVDA,574.23
2021-02-23,NVDA,565.68
2021-02-24,NVDA,579.96
2021-02-25,NVDA,532.3
2021-02-26,NVDA,548.58
2021-03-01,NVDA,553.67
2021-03-02,NVDA,536.25
2021-03-03,NVDA,512.19
2021-03-04,NVDA,494.81
2021-03-05,NVDA,498.46
2021-03-08,NVDA,463.73
2021-03-09,NVDA,500.81
2021-03-10,NVDA,498.73
2021-03-11,NVDA,519.74
2021-03-12,NVDA,514.24
2021-03-15,NVDA,527.65
2021-03-16,NVDA,531.65
2021-03-17,NVDA,533.65
2021-03-18,NVDA,508.9
2021-03-19,NVDA,513.83
2021-03-22,NVDA,527.45
2021-03-23,NVDA,522.83
2021-03-24,NVDA,505.72
2021-03-25,NVDA,501.41
2021-03-26,NVDA,513.57
2021-03-29,NVDA,517.93
2021-03-30,NVDA,514.87
2021-03-31,NVDA,533.93
2021-04-01,NVDA,552.47
2021-04-05,NVDA,559.5
2021-04-06,NVDA,554.46
2021-04-07,NVDA,565.74
2021-04-08,NVDA,572.68
2021-04-09,NVDA,576.0
2021-04-12,NVDA,608.36
2021-04-13,NVDA,627.18
2021-04-14,NVDA,611.08
2021-04-15,NVDA,645.49
2021-04-16,NVDA,636.5
2021-04-19,NVDA,614.47
2021-04-20,NVDA,606.85
2021-04-21,NVDA,614.42
2021-04-22,NVDA,594.01
2021-04-23,NVDA,610.61
2021-04-26,NVDA,619.12
2021-04-27,NVDA,615.27
2021-04-28,NVDA,611.07
2021-04-29,NVDA,612.99
2021-04-30,NVDA,600.38
2021-05-03,NVDA,593.47
2021-05-04,NVDA,574.05
2021-05-05,NVDA,578.34
2021-05-06,NVDA,580.92
2021-05-07,NVDA,592.49
2021-05-10,NVDA,570.63
2021-05-11,NVDA,572.25
2021-05-12,NVDA,550.34
2021-05-13,NVDA,546.61
2021-05-14,NVDA,569.72
2021-05-17,NVDA,566.62
2021-05-18,NVDA,560.63
2021-05-19,NVDA,562.63
2021-05-20,NVDA,584.5
2021-05-21,NVDA,599.67
2021-05-24,NVDA,624.48
2021-05-25,NVDA,625.91
2021-05-26,NVDA,628.0
2021-05-27,NVDA,619.52
2021-05-28,NVDA,649.78
2021-06-01,NVDA,650.58
2021-06-02,NVDA,671.13
2021-06-03,NVDA,678.79
2021-06-04,NVDA,703.13
2021-06-07,NVDA,704.76
2021-06-08,NVDA,698.28
2021-06-09,NVDA,694.33
2021-06-10,NVDA,697.0
2021-06-11,NVDA,713.01
2021-06-14,NVDA,720.75
2021-06-15,NVDA,711.54
2021-06-16,NVDA,712.41
2021-06-17,NVDA,746.29
2021-06-18,NVDA,745.55
2021-06-21,NVDA,737.09
2021-06-22,NVDA,755.47
2021-06-23,NVDA,762.29
2021-06-24,NVDA,768.22
2021-06-25,NVDA,761.24
2021-06-28,NVDA,799.4
2021-06-29,NVDA,801.07
2021-06-30,NVDA,800.1
2021-07-01,NVDA,808.48
2021-07-02,NVDA,819.48
2021-07-06,NVDA,827.94
2021-07-07,NVDA,814.87
2021-07-08,NVDA,796.11
2021-07-09,NVDA,802.01
2021-07-12,NVDA,820.5
2021-07-13,NVDA,810.0
2021-07-14,NVDA,793.66
2021-07-15,NVDA,758.65
2021-07-16,NVDA,726.44
2021-07-19,NVDA,751.19
2021-07-20,NVDA,186.12
2021-07-21,NVDA,194.1
2021-07-22,NVDA,195.94
2021-07-23,NVDA,195.58
2021-07-26,NVDA,192.94
2021-07-27,NVDA,192.08
2021-07-28,NVDA,195.03
2021-07-29,NVDA,196.62
2021-07-30,NVDA,194.99
2021-08-02,NVDA,197.5
2021-08-03,NVDA,198.15
2021-08-04,NVDA,202.74
2021-08-05,NVDA,206.37
2021-08-06,NVDA,203.66
2021-08-09,NVDA,202.95
2021-08-10,NVDA,199.36
2021-08-11,NVDA,196.99
2021-08-12,NVDA,199.05
2021-08-13,NVDA,201.88
2021-08-16,NVDA,199.5
2021-08-17,NVDA,194.58
2021-08-18,NVDA,190.4
2021-08-19,NVDA,197.98
2021-08-20,NVDA,208.16
2021-08-23,NVDA,219.58
2021-08-24,NVDA,217.93
2021-08-25,NVDA,222.13
2021-08-26,NVDA,220.68
2021-08-27,NVDA,226.36
2021-08-30,NVDA,226.88
2021-08-31,NVDA,223.85
2021-09-01,NVDA,224.41
2021-09-02,NVDA,223.96
2021-09-03,NVDA,228.43
2021-09-07,NVDA,226.62
2021-09-08,NVDA,223.39
2021-09-09,NVDA,221.77
2021-09-10,NVDA,224.78
2021-09-13,NVDA,221.52
2021-09-14,NVDA,222.42
2021-09-15,NVDA,223.41
2021-09-16,NVDA,222.42
2021-09-17,NVDA,219.0
2021-09-20,NVDA,211.13
2021-09-21,NVDA,212.46
2021-09-22,NVDA,219.41
2021-09-23,NVDA,224.82
2021-09-24,NVDA,220.81
2021-09-27,NVDA,216.6
2021-09-28,NVDA,206.99
2021-09-29,NVDA,205.17
2021-09-30,NVDA,207.16
2021-10-01,NVDA,207.42
2021-10-04,NVDA,197.32
2021-10-05,NVDA,204.51
2021-10-06,NVDA,207.0
2021-10-07,NVDA,210.75
2021-10-08,NVDA,208.31
2021-10-11,NVDA,206.95
2021-10-12,NVDA,206.71
2021-10-13,NVDA,209.39
2021-10-14,NVDA,217.46
2021-10-15,NVDA,218.62
2021-10-18,NVDA,222.22
2021-10-19,NVDA,222.9
2021-10-20,NVDA,221.03
2021-10-21,NVDA,226.92
2021-10-22,NVDA,227.26
2021-10-25,NVDA,231.66
2021-10-26,NVDA,247.17
2021-10-27,NVDA,244.51
2021-10-28,NVDA,249.41
2021-10-29,NVDA,255.67
2021-11-01,NVDA,258.27
2021-11-02,NVDA,264.01
2021-11-03,NVDA,265.98
2021-11-04,NVDA,298.01
2021-11-05,NVDA,297.52
2021-11-08,NVDA,308.04
2021-11-09,NVDA,306.57
2021-11-10,NVDA,294.59
2021-11-11,NVDA,303.9
2021-11-12,NVDA,303.9
2021-11-15,NVDA,300.25
2021-11-16,NVDA,302.03
2021-11-17,NVDA,292.61
2021-11-18,NVDA,316.75
2021-11-19,NVDA,329.85
2021-11-22,NVDA,319.56
2021-11-23,NVDA,317.46
2021-11-24,NVDA,326.74
2021-11-26,NVDA,315.03
2021-11-29,NVDA,333.76
2021-11-30,NVDA,326.76
2021-12-01,NVDA,314.35
2021-12-02,NVDA,321.26
2021-12-03,NVDA,306.93
2021-12-06,NVDA,300.37
2021-12-07,NVDA,324.27
2021-12-08,NVDA,318.26
2021-12-09,NVDA,304.9
2021-12-10,NVDA,301.98
2021-12-13,NVDA,281.61
2021-12-14,NVDA,283.37
2021-12-15,NVDA,304.59
2021-12-16,NVDA,283.87
2021-12-17,NVDA,278.01
2021-12-20,NVDA,277.19
2021-12-21,NVDA,290.75
2021-12-22,NVDA,294.0
2021-12-23,NVDA,296.4
2021-12-27,NVDA,309.45
2021-12-28,NVDA,303.22
2021-12-29,NVDA,300.01
2021-12-30,NVDA,295.86
2021-12-31,NVDA,294.11
2022-01-03,NVDA,301.21
2022-01-04,NVDA,292.9
2022-01-05,NVDA,276.04
2022-01-06,NVDA,281.78
2022-01-07,NVDA,272.47
2022-01-10,NVDA,274.0
2022-01-11,NVDA,278.17
2022-01-12,NVDA,279.99
2022-01-13,NVDA,265.75
2022-01-14,NVDA,269.42
2022-01-18,NVDA,259.03
2022-01-19,NVDA,250.67
2022-01-20,NVDA,241.5
2022-01-21,NVDA,233.74
2022-01-24,NVDA,233.72
2022-01-25,NVDA,223.24
2022-01-26,NVDA,227.72
2022-01-27,NVDA,219.44
2022-01-28,NVDA,228.4
2022-01-31,NVDA,244.86
2022-02-01,NVDA,246.38
2022-02-02,NVDA,252.42
2022-02-03,NVDA,239.48
2022-02-04,NVDA,243.19
2022-02-07,NVDA,247.28
2022-02-08,NVDA,251.08
2022-02-09,NVDA,267.05
2022-02-10,NVDA,258.24
2022-02-11,NVDA,239.49
2022-02-14,NVDA,242.67
2022-02-15,NVDA,264.95
2022-02-16,NVDA,265.11
2022-02-17,NVDA,245.07
2022-02-18,NVDA,236.42
2022-02-22,NVDA,233.9
2022-02-23,NVDA,223.87
2022-02-24,NVDA,237.48
2022-02-25,NVDA,241.57
2022-02-28,NVDA,243.85
2022-03-01,NVDA,234.77
2022-03-02,NVDA,242.2
2022-03-03,NVDA,237.14
2022-03-04,NVDA,229.36
2022-03-07,NVDA,213.52
2022-03-08,NVDA,215.14
2022-03-09,NVDA,230.14
2022-03-10,NVDA,226.58
2022-03-11,NVDA,221.0
2022-03-14,NVDA,213.3
2022-03-15,NVDA,229.73
2022-03-16,NVDA,244.96
2022-03-17,NVDA,247.66
2022-03-18,NVDA,264.53
2022-03-21,NVDA,267.34
2022-03-22,NVDA,265.24
2022-03-23,NVDA,256.34
2022-03-24,NVDA,281.5
2022-03-25,NVDA,276.92
2022-03-28,NVDA,282.19
2022-03-29,NVDA,286.56
2022-03-30,NVDA,276.9
2022-03-31,NVDA,272.86
2022-04-01,NVDA,267.12
2022-04-04,NVDA,273.6
2022-04-05,NVDA,259.31
2022-04-06,NVDA,244.07
2022-04-07,NVDA,242.08
2022-04-08,NVDA,231.19
2022-04-11,NVDA,219.17
2022-04-12,NVDA,215.04
2022-04-13,NVDA,222.03
2022-04-14,NVDA,212.58
2022-04-18,NVDA,217.83
2022-04-19,NVDA,221.98
2022-04-20,NVDA,214.82
2022-04-21,NVDA,201.83
2022-04-22,NVDA,195.15
2022-04-25,NVDA,199.02
2022-04-26,NVDA,187.88
2022-04-27,NVDA,184.15
2022-04-28,NVDA,197.82
2022-04-29,NVDA,185.47
2022-05-02,NVDA,195.33
2022-05-03,NVDA,196.02
2022-05-04,NVDA,203.34
2022-05-05,NVDA,188.44
2022-05-06,NVDA,186.75
2022-05-09,NVDA,169.5
2022-05-10,NVDA,175.95
2022-05-11,NVDA,166.3
2022-05-12,NVDA,161.75
2022-05-13,NVDA,177.06
2022-05-16,NVDA,172.64
2022-05-17,NVDA,181.77
2022-05-18,NVDA,169.38
2022-05-19,NVDA,171.24
2022-05-20,NVDA,166.94
2022-05-23,NVDA,168.98
2022-05-24,NVDA,161.54
2022-05-25,NVDA,169.75
2022-05-26,NVDA,178.51
2022-05-27,NVDA,188.11
2022-05-31,NVDA,186.72
2022-06-01,NVDA,183.2
2022-06-02,NVDA,195.92
2022-06-03,NVDA,187.2
2022-06-06,NVDA,187.86
2022-06-07,NVDA,189.26
2022-06-08,NVDA,186.48
2022-06-09,NVDA,180.48
2022-06-10,NVDA,169.74
2022-06-13,NVDA,156.47
2022-06-14,NVDA,158.36
2022-06-15,NVDA,165.27
2022-06-16,NVDA,156.01
2022-06-17,NVDA,158.8
2022-06-21,NVDA,165.66
2022-06-22,NVDA,163.6
2022-06-23,NVDA,162.25
2022-06-24,NVDA,171.26
2022-06-27,NVDA,168.69
2022-06-28,NVDA,159.82
2022-06-29,NVDA,155.42
2022-06-30,NVDA,151.59
2022-07-01,NVDA,145.23
2022-07-05,NVDA,149.64
2022-07-06,NVDA,151.3
2022-07-07,NVDA,158.58
2022-07-08,NVDA,158.38
2022-07-11,NVDA,151.52
2022-07-12,NVDA,150.82
2022-07-13,NVDA,151.64
2022-07-14,NVDA,153.72
2022-07-15,NVDA,157.62
2022-07-18,NVDA,161.01
2022-07-19,NVDA,169.92
2022-07-20,NVDA,178.07
2022-07-21,NVDA,180.5
2022-07-22,NVDA,173.19
2022-07-25,NVDA,170.24
2022-07-26,NVDA,165.33
2022-07-27,NVDA,177.9
2022-07-28,NVDA,179.84
2022-07-29,NVDA,181.63
2022-08-01,NVDA,184.41
2022-08-02,NVDA,185.26
2022-08-03,NVDA,188.93
2022-08-04,NVDA,192.15
2022-08-05,NVDA,189.89
2022-08-08,NVDA,177.93
2022-08-09,NVDA,170.86
2022-08-10,NVDA,180.97
2022-08-11,NVDA,179.42
2022-08-12,NVDA,187.09
2022-08-15,NVDA,190.32
2022-08-16,NVDA,188.79
2022-08-17,NVDA,183.35
2022-08-18,NVDA,187.73
2022-08-19,NVDA,178.49
2022-08-22,NVDA,170.34
2022-08-23,NVDA,171.81
2022-08-24,NVDA,172.22
2022-08-25,NVDA,179.13
2022-08-26,NVDA,162.6
2022-08-29,NVDA,158.01
2022-08-30,NVDA,154.68
2022-08-31,NVDA,150.94
2022-09-01,NVDA,139.37
2022-09-02,NVDA,136.47
2022-09-06,NVDA,134.65
2022-09-07,NVDA,137.14
2022-09-08,NVDA,139.9
2022-09-09,NVDA,143.87
2022-09-12,NVDA,145.05
2022-09-13,NVDA,131.31
2022-09-14,NVDA,131.28
2022-09-15,NVDA,129.29
2022-09-16,NVDA,131.98
2022-09-19,NVDA,133.82
2022-09-20,NVDA,131.76
2022-09-21,NVDA,132.61
2022-09-22,NVDA,125.61
2022-09-23,NVDA,125.16
2022-09-26,NVDA,122.28
2022-09-27,NVDA,124.13
2022-09-28,NVDA,127.36
2022-09-29,NVDA,122.2
2022-09-30,NVDA,121.39
2022-10-03,NVDA,125.12
2022-10-04,NVDA,131.67
2022-10-05,NVDA,132.09
2022-10-06,NVDA,131.3
2022-10-07,NVDA,120.76
2022-10-10,NVDA,116.7
2022-10-11,NVDA,115.86
2022-10-12,NVDA,115.0
2022-10-13,NVDA,119.6
2022-10-14,NVDA,112.27
2022-10-17,NVDA,118.88
2022-10-18,NVDA,119.67
2022-10-19,NVDA,120.51
2022-10-20,NVDA,121.94
2022-10-21,NVDA,124.66
2022-10-24,NVDA,125.99
2022-10-25,NVDA,132.61
2022-10-26,NVDA,128.96
2022-10-27,NVDA,131.76
2022-10-28,NVDA,138.34
2022-10-31,NVDA,134.97
2022-11-01,NVDA,135.43
2022-11-02,NVDA,132.19
2022-11-03,NVDA,134.21
2022-11-04,NVDA,141.56
2022-11-07,NVDA,143.01
2022-11-08,NVDA,146.02
2022-11-09,NVDA,137.76
2022-11-10,NVDA,157.5
2022-11-11,NVDA,163.27
2022-11-14,NVDA,162.95
2022-11-15,NVDA,166.66
2022-11-16,NVDA,159.1
2022-11-17,NVDA,156.77
2022-11-18,NVDA,154.09
2022-11-21,NVDA,153.17
2022-11-22,NVDA,160.38
2022-11-23,NVDA,165.19
2022-11-25,NVDA,162.7
2022-11-28,NVDA,158.27
2022-11-29,NVDA,156.39
2022-11-30,NVDA,169.23
2022-12-01,NVDA,171.35
2022-12-02,NVDA,168.76
2022-12-05,NVDA,166.1
2022-12-06,NVDA,159.87
2022-12-07,NVDA,161.2
2022-12-08,NVDA,171.69
2022-12-09,NVDA,170.01
2022-12-12,NVDA,175.35
2022-12-13,NVDA,180.72
2022-12-14,NVDA,176.74
2022-12-15,NVDA,169.52
2022-12-16,NVDA,165.71
2022-12-19,NVDA,162.54
2022-12-20,NVDA,160.85
2022-12-21,NVDA,165.01
2022-12-22,NVDA,153.39
2022-12-23,NVDA,152.06
2022-12-27,NVDA,141.21
2022-12-28,NVDA,140.36
2022-12-29,NVDA,146.03
2022-12-30,NVDA,146.14
2023-01-03,NVDA,143.15
2023-01-04,NVDA,147.49
2023-01-05,NVDA,142.65
2023-01-06,NVDA,148.59
2023-01-09,NVDA,156.28
2023-01-10,NVDA,159.09
2023-01-11,NVDA,160.01
2023-01-12,NVDA,165.11
2023-01-13,NVDA,168.99
2023-01-17,NVDA,177.02
2023-01-18,NVDA,173.77
2023-01-19,NVDA,167.65
2023-01-20,NVDA,178.39
2023-01-23,NVDA,191.93
2023-01-24,NVDA,192.65
2023-01-25,NVDA,193.23
2023-01-26,NVDA,198.02
2023-01-27,NVDA,203.65
2023-01-30,NVDA,191.62
2023-01-31,NVDA,195.37
2023-02-01,NVDA,209.43
2023-02-02,NVDA,217.09
2023-02-03,NVDA,211.0
2023-02-06,NVDA,210.89
2023-02-07,NVDA,221.73
2023-02-08,NVDA,222.05
2023-02-09,NVDA,223.37
2023-02-10,NVDA,212.65
2023-02-13,NVDA,217.88
2023-02-14,NVDA,229.71
2023-02-15,NVDA,227.64
2023-02-16,NVDA,220.02
2023-02-17,NVDA,213.88
2023-02-21,NVDA,206.55
2023-02-22,NVDA,207.54
2023-02-23,NVDA,236.64
2023-02-24,NVDA,232.86
2023-02-27,NVDA,235.01
2023-02-28,NVDA,232.16
2023-03-01,NVDA,226.98
2023-03-02,NVDA,233.14
2023-03-03,NVDA,238.9
2023-03-06,NVDA,235.54
2023-03-07,NVDA,232.88
2023-03-08,NVDA,241.81
2023-03-09,NVDA,234.36
2023-03-10,NVDA,229.65
2023-03-13,NVDA,229.66
2023-03-14,NVDA,240.63
2023-03-15,NVDA,242.28
2023-03-16,NVDA,255.41
2023-03-17,NVDA,257.25
2023-03-20,NVDA,259.0
2023-03-21,NVDA,261.99
2023-03-22,NVDA,264.68
2023-03-23,NVDA,271.91
2023-03-24,NVDA,267.79
2023-03-27,NVDA,265.31
2023-03-28,NVDA,264.1
2023-03-29,NVDA,269.84
2023-03-30,NVDA,273.83
2023-03-31,NVDA,277.77
2023-04-03,NVDA,279.65
2023-04-04,NVDA,274.53
2023-04-05,NVDA,268.81
2023-04-06,NVDA,270.37
2023-04-10,NVDA,275.79
2023-04-11,NVDA,271.69
2023-04-12,NVDA,264.95
2023-04-13,NVDA,264.63
2023-04-14,NVDA,267.58
2023-04-17,NVDA,270.02
2023-04-18,NVDA,276.67
2023-04-19,NVDA,279.31
2023-04-20,NVDA,271.04
2023-04-21,NVDA,271.19
2023-04-24,NVDA,270.42
2023-04-25,NVDA,262.41
2023-04-26,NVDA,269.56
2023-04-27,NVDA,272.26
2023-04-28,NVDA,277.49
2023-05-01,NVDA,289.1
2023-05-02,NVDA,282.1
2023-05-03,NVDA,278.02
2023-05-04,NVDA,275.62
2023-05-05,NVDA,286.8
2023-05-08,NVDA,291.51
2023-05-09,NVDA,285.71
2023-05-10,NVDA,288.85
2023-05-11,NVDA,285.78
2023-05-12,NVDA,283.4
2023-05-15,NVDA,289.53
2023-05-16,NVDA,292.13
2023-05-17,NVDA,301.78
2023-05-18,NVDA,316.78
2023-05-19,NVDA,312.64
2023-05-22,NVDA,311.76
2023-05-23,NVDA,306.88
2023-05-24,NVDA,305.38
2023-05-25,NVDA,379.8
2023-05-26,NVDA,389.46
2023-05-30,NVDA,401.11
2023-05-31,NVDA,378.34
2023-06-01,NVDA,397.7
2023-06-02,NVDA,393.27
2023-06-05,NVDA,391.71
2023-06-06,NVDA,386.54
2023-06-07,NVDA,374.75
2023-06-08,NVDA,385.1
2023-06-09,NVDA,387.7
2023-06-12,NVDA,394.82
2023-06-13,NVDA,410.22
2023-06-14,NVDA,429.97
2023-06-15,NVDA,426.53
2023-06-16,NVDA,426.92
2023-06-20,NVDA,438.08
2023-06-21,NVDA,430.45
2023-06-22,NVDA,430.25
2023-06-23,NVDA,422.09
2023-06-26,NVDA,406.32
2023-06-27,NVDA,418.76
2023-06-28,NVDA,411.17
2023-06-29,NVDA,408.22
2023-06-30,NVDA,423.02
2023-07-03,NVDA,424.13
2023-07-05,NVDA,423.17
2023-07-06,NVDA,421.03
2023-07-07,NVDA,425.03
2023-07-10,NVDA,421.8
2023-07-11,NVDA,424.05
2023-07-12,NVDA,439.02
2023-07-13,NVDA,459.77
2023-07-14,NVDA,454.69
2023-07-17,NVDA,464.61
2023-07-18,NVDA,474.94
2023-07-19,NVDA,470.77
2023-07-20,NVDA,455.2
2023-07-21,NVDA,443.09
2023-07-24,NVDA,446.12
2023-07-25,NVDA,456.79
2023-07-26,NVDA,454.52
2023-07-27,NVDA,459.0
2023-07-28,NVDA,467.5
2023-07-31,NVDA,467.29
2023-08-01,NVDA,465.07
2023-08-02,NVDA,442.69
2023-08-03,NVDA,445.15
2023-08-04,NVDA,446.8
2023-08-07,NVDA,454.165
2023-08-08,NVDA,446.64
2023-08-09,NVDA,425.54
2023-08-10,NVDA,423.88
2023-08-11,NVDA,408.55
2023-08-14,NVDA,437.53
2023-08-15,NVDA,439.4
2023-08-16,NVDA,434.86
2023-08-17,NVDA,433.435
2023-08-18,NVDA,432.99
2023-08-21,NVDA,469.67
2023-08-22,NVDA,456.68
2023-08-23,NVDA,471.16
2023-08-24,NVDA,471.63
2023-08-25,NVDA,460.18
2023-08-28,NVDA,468.35
2023-08-29,NVDA,487.84
2023-08-30,NVDA,492.64
2023-08-31,NVDA,493.55
2023-09-01,NVDA,485.09
2023-09-05,NVDA,485.48
2023-09-06,NVDA,470.61
2023-09-07,NVDA,462.41
2023-09-08,NVDA,455.72
2023-09-11,NVDA,451.78
2023-09-12,NVDA,448.7
2023-09-13,NVDA,454.85
2023-09-14,NVDA,455.81
2023-09-15,NVDA,439.0
2023-09-18,NVDA,439.66
2023-09-19,NVDA,435.2
2023-09-20,NVDA,422.39
2023-09-21,NVDA,410.17
2023-09-22,NVDA,416.1
2023-09-25,NVDA,422.22
2023-09-26,NVDA,419.11
2023-09-27,NVDA,424.68
2023-09-28,NVDA,430.89
2023-09-29,NVDA,434.99
2023-10-02,NVDA,447.82
2023-10-03,NVDA,435.17
2023-10-04,NVDA,440.41
2023-10-05,NVDA,446.88
2023-10-06,NVDA,457.62
2023-10-09,NVDA,452.73
2023-10-10,NVDA,457.98
2023-10-11,NVDA,468.06
2023-10-12,NVDA,469.45
2023-10-13,NVDA,454.61
2023-10-16,NVDA,460.95
2023-10-17,NVDA,439.38
2023-10-18,NVDA,421.96
2023-10-19,NVDA,421.01
2023-10-20,NVDA,413.87
2023-10-23,NVDA,429.75
2023-10-24,NVDA,436.63
2023-10-25,NVDA,417.79
2023-10-26,NVDA,403.26
2023-10-27,NVDA,405.0
2023-10-30,NVDA,411.61
2023-10-31,NVDA,407.8
2023-11-01,NVDA,423.25
2023-11-02,NVDA,435.06
2023-11-03,NVDA,450.05
2023-11-06,NVDA,457.51
2023-11-07,NVDA,459.55
2023-11-08,NVDA,465.74
2023-11-09,NVDA,469.5
2023-11-10,NVDA,483.35
2023-11-13,NVDA,486.2
2023-11-14,NVDA,496.56
2023-11-15,NVDA,488.88
2023-11-16,NVDA,494.8
2023-11-17,NVDA,492.98
2023-11-20,NVDA,504.09
2023-11-21,NVDA,499.44
2023-11-22,NVDA,487.16
2023-11-24,NVDA,477.76
2023-11-27,NVDA,482.42
2023-11-28,NVDA,478.21
2023-11-29,NVDA,481.4
2023-11-30,NVDA,467.7
2023-12-01,NVDA,467.65
2023-12-04,NVDA,455.1
2023-12-05,NVDA,465.66
2023-12-06,NVDA,455.03
2023-12-07,NVDA,465.96
2023-12-08,NVDA,475.06
2023-12-11,NVDA,466.27
2023-12-12,NVDA,476.57
2023-12-13,NVDA,480.88
2023-12-14,NVDA,483.5
2023-12-15,NVDA,488.9
2023-12-18,NVDA,500.77
2023-12-19,NVDA,496.04
2023-12-20,NVDA,481.11
2023-12-21,NVDA,489.9
2023-12-22,NVDA,488.3
2023-12-26,NVDA,492.79
2023-12-27,NVDA,494.17
2023-12-28,NVDA,495.22
2023-12-29,NVDA,495.22
